id,difficulty,besteffort,interupted,comment,participant,task,taskresult,task_id,participant_age,participant_experienced,taskresult_totaltime,taskresult_totalcorrect
370,1,True,False,b'',"id: 350, experienced: True, age: 34","id: 1, title: Building geometry and metadata","Task: id: 1, title: Building geometry and metadata, date: 2017-05-03 18:38:23.543983+00:00",1,34,True,57,12
409,2,True,False,b'',"id: 308, experienced: True, age: 24","id: 1, title: Building geometry and metadata","Task: id: 1, title: Building geometry and metadata, date: 2017-05-03 21:10:23.597258+00:00",1,24,True,68,10
229,1,True,False,b'',"id: 232, experienced: True, age: 22","id: 1, title: Building geometry and metadata","Task: id: 1, title: Building geometry and metadata, date: 2017-05-03 07:21:46.638897+00:00",1,22,True,72,7
700,1,True,False,b'',"id: 548, experienced: True, age: 22","id: 1, title: Building geometry and metadata","Task: id: 1, title: Building geometry and metadata, date: 2017-05-06 10:19:04.700384+00:00",1,22,True,74,10
814,3,True,False,b'',"id: 596, experienced: True, age: 33","id: 1, title: Building geometry and metadata","Task: id: 1, title: Building geometry and metadata, date: 2017-05-08 22:05:51.272591+00:00",1,33,True,79,9
209,2,True,False,b'',"id: 225, experienced: True, age: 25","id: 1, title: Building geometry and metadata","Task: id: 1, title: Building geometry and metadata, date: 2017-05-02 10:51:34.949623+00:00",1,25,True,79,12
298,1,True,False,b'',"id: 273, experienced: True, age: 31","id: 1, title: Building geometry and metadata","Task: id: 1, title: Building geometry and metadata, date: 2017-05-03 12:37:45.100272+00:00",1,31,True,87,11
685,2,True,False,b'',"id: 538, experienced: True, age: 24","id: 1, title: Building geometry and metadata","Task: id: 1, title: Building geometry and metadata, date: 2017-05-05 20:15:44.238226+00:00",1,24,True,91,10
531,1,True,False,b'',"id: 454, experienced: True, age: 40","id: 1, title: Building geometry and metadata","Task: id: 1, title: Building geometry and metadata, date: 2017-05-05 06:48:22.965911+00:00",1,40,True,93,10
329,2,True,False,b'',"id: 296, experienced: True, age: 43","id: 1, title: Building geometry and metadata","Task: id: 1, title: Building geometry and metadata, date: 2017-05-03 15:12:45.750397+00:00",1,43,True,99,12
804,1,True,False,b'',"id: 592, experienced: True, age: 25","id: 1, title: Building geometry and metadata","Task: id: 1, title: Building geometry and metadata, date: 2017-05-08 14:20:03.736344+00:00",1,25,True,101,12
515,4,True,False,b'',"id: 448, experienced: True, age: 22","id: 1, title: Building geometry and metadata","Task: id: 1, title: Building geometry and metadata, date: 2017-05-04 21:52:51.797734+00:00",1,22,True,102,10
764,2,True,False,b'',"id: 573, experienced: True, age: 30","id: 1, title: Building geometry and metadata","Task: id: 1, title: Building geometry and metadata, date: 2017-05-08 06:49:46.664268+00:00",1,30,True,103,11
540,3,True,False,b'',"id: 459, experienced: True, age: 51","id: 1, title: Building geometry and metadata","Task: id: 1, title: Building geometry and metadata, date: 2017-05-05 07:37:11.983314+00:00",1,51,True,104,7
605,1,True,False,b'',"id: 476, experienced: True, age: 46","id: 1, title: Building geometry and metadata","Task: id: 1, title: Building geometry and metadata, date: 2017-05-05 10:55:51.423639+00:00",1,46,True,105,8
266,2,True,False,b'',"id: 250, experienced: True, age: 23","id: 1, title: Building geometry and metadata","Task: id: 1, title: Building geometry and metadata, date: 2017-05-03 10:18:33.379381+00:00",1,23,True,106,11
567,1,True,False,b'',"id: 471, experienced: True, age: 42","id: 1, title: Building geometry and metadata","Task: id: 1, title: Building geometry and metadata, date: 2017-05-05 09:58:51.902544+00:00",1,42,True,107,9
200,1,True,False,b'',"id: 221, experienced: True, age: 23","id: 1, title: Building geometry and metadata","Task: id: 1, title: Building geometry and metadata, date: 2017-05-02 10:26:43.697271+00:00",1,23,True,108,12
228,3,True,False,b'',"id: 230, experienced: True, age: 29","id: 1, title: Building geometry and metadata","Task: id: 1, title: Building geometry and metadata, date: 2017-05-03 07:21:04.123694+00:00",1,29,True,110,10
523,4,True,False,b'',"id: 452, experienced: True, age: 38","id: 1, title: Building geometry and metadata","Task: id: 1, title: Building geometry and metadata, date: 2017-05-05 06:33:35.491302+00:00",1,38,True,117,10
704,2,True,False,b'',"id: 549, experienced: True, age: 23","id: 1, title: Building geometry and metadata","Task: id: 1, title: Building geometry and metadata, date: 2017-05-06 11:07:08.551978+00:00",1,23,True,120,12
413,3,True,False,b'',"id: 374, experienced: True, age: 24","id: 1, title: Building geometry and metadata","Task: id: 1, title: Building geometry and metadata, date: 2017-05-03 21:15:13.494294+00:00",1,24,True,124,10
314,1,True,False,b'',"id: 284, experienced: True, age: 45","id: 1, title: Building geometry and metadata","Task: id: 1, title: Building geometry and metadata, date: 2017-05-03 14:00:08.935767+00:00",1,45,True,124,11
554,1,True,False,b'',"id: 465, experienced: True, age: 44","id: 1, title: Building geometry and metadata","Task: id: 1, title: Building geometry and metadata, date: 2017-05-05 08:09:46.038820+00:00",1,44,True,129,12
788,1,True,False,b'',"id: 589, experienced: True, age: 52","id: 1, title: Building geometry and metadata","Task: id: 1, title: Building geometry and metadata, date: 2017-05-08 10:33:16.535606+00:00",1,52,True,130,11
695,2,True,False,b'',"id: 547, experienced: True, age: 24","id: 1, title: Building geometry and metadata","Task: id: 1, title: Building geometry and metadata, date: 2017-05-06 10:03:39.800808+00:00",1,24,True,131,11
629,2,True,False,b'',"id: 507, experienced: True, age: 22","id: 1, title: Building geometry and metadata","Task: id: 1, title: Building geometry and metadata, date: 2017-05-05 12:13:32.865368+00:00",1,22,True,131,8
425,3,True,False,b'',"id: 402, experienced: True, age: 39","id: 1, title: Building geometry and metadata","Task: id: 1, title: Building geometry and metadata, date: 2017-05-04 05:27:48.933633+00:00",1,39,True,133,11
397,1,True,False,b'',"id: 373, experienced: True, age: 36","id: 1, title: Building geometry and metadata","Task: id: 1, title: Building geometry and metadata, date: 2017-05-03 20:14:39.945478+00:00",1,36,True,134,9
435,2,True,False,b'',"id: 408, experienced: True, age: 37","id: 1, title: Building geometry and metadata","Task: id: 1, title: Building geometry and metadata, date: 2017-05-04 07:21:05.099894+00:00",1,37,True,134,11
390,1,True,False,b'',"id: 368, experienced: True, age: 26","id: 1, title: Building geometry and metadata","Task: id: 1, title: Building geometry and metadata, date: 2017-05-03 19:49:19.745620+00:00",1,26,True,136,11
509,3,True,False,b'',"id: 447, experienced: True, age: 23","id: 1, title: Building geometry and metadata","Task: id: 1, title: Building geometry and metadata, date: 2017-05-04 20:14:05.487731+00:00",1,23,True,137,12
271,2,True,False,"b'Didn\'t find attributes ""validation date"" or ""registered: yes/no"" particularly useful. Or the field with ""uknown"" or spelling errors'","id: 249, experienced: True, age: 23","id: 1, title: Building geometry and metadata","Task: id: 1, title: Building geometry and metadata, date: 2017-05-03 10:38:41.578303+00:00",1,23,True,139,11
572,2,True,False,b'',"id: 473, experienced: True, age: 24","id: 1, title: Building geometry and metadata","Task: id: 1, title: Building geometry and metadata, date: 2017-05-05 10:13:04.600167+00:00",1,24,True,140,11
332,1,True,False,b'',"id: 298, experienced: True, age: 31","id: 1, title: Building geometry and metadata","Task: id: 1, title: Building geometry and metadata, date: 2017-05-03 15:14:29.242774+00:00",1,31,True,145,11
429,3,True,False,b'',"id: 406, experienced: True, age: 34","id: 1, title: Building geometry and metadata","Task: id: 1, title: Building geometry and metadata, date: 2017-05-04 06:57:21.824464+00:00",1,34,True,147,10
811,1,True,False,b'',"id: 594, experienced: True, age: 50","id: 1, title: Building geometry and metadata","Task: id: 1, title: Building geometry and metadata, date: 2017-05-08 19:54:19.149492+00:00",1,50,True,158,10
290,1,True,False,b'',"id: 265, experienced: True, age: 49","id: 1, title: Building geometry and metadata","Task: id: 1, title: Building geometry and metadata, date: 2017-05-03 11:39:25.941442+00:00",1,49,True,158,10
535,1,True,False,b'',"id: 453, experienced: True, age: 51","id: 1, title: Building geometry and metadata","Task: id: 1, title: Building geometry and metadata, date: 2017-05-05 07:21:12.513563+00:00",1,51,True,162,11
377,4,True,False,b'',"id: 355, experienced: True, age: 29","id: 1, title: Building geometry and metadata","Task: id: 1, title: Building geometry and metadata, date: 2017-05-03 18:56:11.983939+00:00",1,29,True,163,11
382,2,True,False,b'',"id: 359, experienced: True, age: 44","id: 1, title: Building geometry and metadata","Task: id: 1, title: Building geometry and metadata, date: 2017-05-03 19:09:33.969990+00:00",1,44,True,164,10
836,2,True,False,b'',"id: 603, experienced: True, age: 43","id: 1, title: Building geometry and metadata","Task: id: 1, title: Building geometry and metadata, date: 2017-05-10 06:31:11.832693+00:00",1,43,True,164,11
178,2,True,False,b'',"id: 208, experienced: True, age: 25","id: 1, title: Building geometry and metadata","Task: id: 1, title: Building geometry and metadata, date: 2017-05-02 09:13:21.493731+00:00",1,25,True,166,10
374,1,True,False,b'',"id: 351, experienced: True, age: 40","id: 1, title: Building geometry and metadata","Task: id: 1, title: Building geometry and metadata, date: 2017-05-03 18:47:58.906560+00:00",1,40,True,168,11
255,1,True,False,b'',"id: 245, experienced: True, age: 42","id: 1, title: Building geometry and metadata","Task: id: 1, title: Building geometry and metadata, date: 2017-05-03 09:16:54.589291+00:00",1,42,True,172,10
246,4,True,False,b'',"id: 236, experienced: True, age: 25","id: 1, title: Building geometry and metadata","Task: id: 1, title: Building geometry and metadata, date: 2017-05-03 08:09:20.505780+00:00",1,25,True,179,9
233,1,True,False,b'',"id: 234, experienced: True, age: 24","id: 1, title: Building geometry and metadata","Task: id: 1, title: Building geometry and metadata, date: 2017-05-03 07:46:14.648972+00:00",1,24,True,181,8
355,3,True,False,b'',"id: 333, experienced: True, age: 27","id: 1, title: Building geometry and metadata","Task: id: 1, title: Building geometry and metadata, date: 2017-05-03 17:38:23.118808+00:00",1,27,True,182,11
385,2,True,False,b'',"id: 358, experienced: True, age: 23","id: 1, title: Building geometry and metadata","Task: id: 1, title: Building geometry and metadata, date: 2017-05-03 19:19:36.121850+00:00",1,23,True,184,10
528,1,True,False,b'',"id: 451, experienced: True, age: 43","id: 1, title: Building geometry and metadata","Task: id: 1, title: Building geometry and metadata, date: 2017-05-05 06:42:17.976154+00:00",1,43,True,185,11
680,1,True,False,b'',"id: 537, experienced: True, age: 33","id: 1, title: Building geometry and metadata","Task: id: 1, title: Building geometry and metadata, date: 2017-05-05 19:56:04.497199+00:00",1,33,True,186,11
550,1,True,False,b'',"id: 460, experienced: True, age: 36","id: 1, title: Building geometry and metadata","Task: id: 1, title: Building geometry and metadata, date: 2017-05-05 07:48:57.731096+00:00",1,36,True,188,11
824,3,True,False,b'',"id: 598, experienced: True, age: 44","id: 1, title: Building geometry and metadata","Task: id: 1, title: Building geometry and metadata, date: 2017-05-09 08:24:53.189354+00:00",1,44,True,189,10
504,2,True,False,b'',"id: 443, experienced: True, age: 56","id: 1, title: Building geometry and metadata","Task: id: 1, title: Building geometry and metadata, date: 2017-05-04 16:14:15.061652+00:00",1,56,True,190,9
362,2,True,False,b'',"id: 340, experienced: True, age: 40","id: 1, title: Building geometry and metadata","Task: id: 1, title: Building geometry and metadata, date: 2017-05-03 17:54:42.234377+00:00",1,40,True,194,12
317,2,True,False,b'',"id: 283, experienced: True, age: 54","id: 1, title: Building geometry and metadata","Task: id: 1, title: Building geometry and metadata, date: 2017-05-03 14:05:25.302247+00:00",1,54,True,195,10
475,1,True,False,b'',"id: 427, experienced: True, age: 22","id: 1, title: Building geometry and metadata","Task: id: 1, title: Building geometry and metadata, date: 2017-05-04 11:57:38.095968+00:00",1,22,True,200,12
495,4,True,False,b'',"id: 441, experienced: True, age: 22","id: 1, title: Building geometry and metadata","Task: id: 1, title: Building geometry and metadata, date: 2017-05-04 15:27:24.165405+00:00",1,22,True,203,11
361,1,True,False,b'',"id: 341, experienced: True, age: 47","id: 1, title: Building geometry and metadata","Task: id: 1, title: Building geometry and metadata, date: 2017-05-03 17:52:24.943530+00:00",1,47,True,205,8
671,3,True,False,b'',"id: 534, experienced: True, age: 36","id: 1, title: Building geometry and metadata","Task: id: 1, title: Building geometry and metadata, date: 2017-05-05 18:02:08.657868+00:00",1,36,True,212,9
517,1,True,False,b'',"id: 450, experienced: True, age: 23","id: 1, title: Building geometry and metadata","Task: id: 1, title: Building geometry and metadata, date: 2017-05-05 04:34:25.298688+00:00",1,23,True,214,10
452,1,True,False,b'',"id: 417, experienced: True, age: 30","id: 1, title: Building geometry and metadata","Task: id: 1, title: Building geometry and metadata, date: 2017-05-04 09:28:19.780880+00:00",1,30,True,221,11
845,4,True,False,b'',"id: 611, experienced: True, age: 44","id: 1, title: Building geometry and metadata","Task: id: 1, title: Building geometry and metadata, date: 2017-05-10 13:16:13.151230+00:00",1,44,True,232,12
401,2,True,False,b'',"id: 380, experienced: True, age: 38","id: 1, title: Building geometry and metadata","Task: id: 1, title: Building geometry and metadata, date: 2017-05-03 20:32:01.159165+00:00",1,38,True,232,9
730,3,True,False,b'',"id: 560, experienced: True, age: 22","id: 1, title: Building geometry and metadata","Task: id: 1, title: Building geometry and metadata, date: 2017-05-07 14:24:14.301646+00:00",1,22,True,234,11
342,2,False,False,b'',"id: 306, experienced: True, age: 46","id: 1, title: Building geometry and metadata","Task: id: 1, title: Building geometry and metadata, date: 2017-05-03 16:15:45.786793+00:00",1,46,True,236,12
586,1,True,False,b'',"id: 472, experienced: True, age: 34","id: 1, title: Building geometry and metadata","Task: id: 1, title: Building geometry and metadata, date: 2017-05-05 10:33:40.973103+00:00",1,34,True,246,9
546,2,True,False,b'',"id: 462, experienced: True, age: 39","id: 1, title: Building geometry and metadata","Task: id: 1, title: Building geometry and metadata, date: 2017-05-05 07:44:49.156969+00:00",1,39,True,268,10
563,2,True,False,b'',"id: 466, experienced: True, age: 52","id: 1, title: Building geometry and metadata","Task: id: 1, title: Building geometry and metadata, date: 2017-05-05 08:42:18.208324+00:00",1,52,True,282,11
736,2,True,False,b'',"id: 562, experienced: True, age: 24","id: 1, title: Building geometry and metadata","Task: id: 1, title: Building geometry and metadata, date: 2017-05-07 15:16:22.813112+00:00",1,24,True,292,11
477,1,True,False,b'',"id: 428, experienced: True, age: 36","id: 1, title: Building geometry and metadata","Task: id: 1, title: Building geometry and metadata, date: 2017-05-04 12:02:49.473509+00:00",1,36,True,294,8
609,2,True,False,b'',"id: 478, experienced: True, age: 54","id: 1, title: Building geometry and metadata","Task: id: 1, title: Building geometry and metadata, date: 2017-05-05 10:57:17.179594+00:00",1,54,True,295,11
755,1,True,False,b'',"id: 570, experienced: True, age: 35","id: 1, title: Building geometry and metadata","Task: id: 1, title: Building geometry and metadata, date: 2017-05-08 06:14:18.425255+00:00",1,35,True,468,8
417,3,True,False,"b'Funny, I am the one who drew most of these buildings in OSM...'","id: 391, experienced: True, age: 44","id: 1, title: Building geometry and metadata","Task: id: 1, title: Building geometry and metadata, date: 2017-05-03 21:46:47.186550+00:00",1,44,True,537,12
720,2,True,False,b'',"id: 556, experienced: True, age: 54","id: 1, title: Building geometry and metadata","Task: id: 1, title: Building geometry and metadata, date: 2017-05-07 07:46:39.905579+00:00",1,54,True,657,7
