id,difficulty,besteffort,interupted,comment,participant,task,taskresult,task_id,participant_age,participant_experienced,taskresult_totaltime,taskresult_totalcorrect
689,1,True,False,b'',"id: 542, experienced: False, age: 22","id: 1, title: Building geometry and metadata","Task: id: 1, title: Building geometry and metadata, date: 2017-05-06 06:57:00.725260+00:00",1,22,False,68,5
752,4,True,False,b'',"id: 569, experienced: False, age: 47","id: 1, title: Building geometry and metadata","Task: id: 1, title: Building geometry and metadata, date: 2017-05-08 06:04:00.269934+00:00",1,47,False,113,6
720,2,True,False,b'',"id: 556, experienced: True, age: 54","id: 1, title: Building geometry and metadata","Task: id: 1, title: Building geometry and metadata, date: 2017-05-07 07:46:39.905579+00:00",1,54,True,657,7
540,3,True,False,b'',"id: 459, experienced: True, age: 51","id: 1, title: Building geometry and metadata","Task: id: 1, title: Building geometry and metadata, date: 2017-05-05 07:37:11.983314+00:00",1,51,True,104,7
229,1,True,False,b'',"id: 232, experienced: True, age: 22","id: 1, title: Building geometry and metadata","Task: id: 1, title: Building geometry and metadata, date: 2017-05-03 07:21:46.638897+00:00",1,22,True,72,7
240,3,True,False,b'',"id: 235, experienced: False, age: 24","id: 1, title: Building geometry and metadata","Task: id: 1, title: Building geometry and metadata, date: 2017-05-03 07:57:55.158594+00:00",1,24,False,115,7
461,2,True,False,b'',"id: 420, experienced: False, age: 22","id: 1, title: Building geometry and metadata","Task: id: 1, title: Building geometry and metadata, date: 2017-05-04 10:13:58.524574+00:00",1,22,False,86,7
625,3,True,False,b'',"id: 506, experienced: False, age: 27","id: 1, title: Building geometry and metadata","Task: id: 1, title: Building geometry and metadata, date: 2017-05-05 12:03:59.158559+00:00",1,27,False,131,8
605,1,True,False,b'',"id: 476, experienced: True, age: 46","id: 1, title: Building geometry and metadata","Task: id: 1, title: Building geometry and metadata, date: 2017-05-05 10:55:51.423639+00:00",1,46,True,105,8
755,1,True,False,b'',"id: 570, experienced: True, age: 35","id: 1, title: Building geometry and metadata","Task: id: 1, title: Building geometry and metadata, date: 2017-05-08 06:14:18.425255+00:00",1,35,True,468,8
715,4,True,False,b'',"id: 552, experienced: False, age: 25","id: 1, title: Building geometry and metadata","Task: id: 1, title: Building geometry and metadata, date: 2017-05-06 16:55:04.616483+00:00",1,25,False,240,8
629,2,True,False,b'',"id: 507, experienced: True, age: 22","id: 1, title: Building geometry and metadata","Task: id: 1, title: Building geometry and metadata, date: 2017-05-05 12:13:32.865368+00:00",1,22,True,131,8
449,1,True,False,b'',"id: 415, experienced: False, age: 21","id: 1, title: Building geometry and metadata","Task: id: 1, title: Building geometry and metadata, date: 2017-05-04 09:19:05.905403+00:00",1,21,False,156,8
477,1,True,False,b'',"id: 428, experienced: True, age: 36","id: 1, title: Building geometry and metadata","Task: id: 1, title: Building geometry and metadata, date: 2017-05-04 12:02:49.473509+00:00",1,36,True,294,8
779,2,True,False,b'',"id: 586, experienced: False, age: 20","id: 1, title: Building geometry and metadata","Task: id: 1, title: Building geometry and metadata, date: 2017-05-08 10:16:53.010693+00:00",1,20,False,115,8
361,1,True,False,b'',"id: 341, experienced: True, age: 47","id: 1, title: Building geometry and metadata","Task: id: 1, title: Building geometry and metadata, date: 2017-05-03 17:52:24.943530+00:00",1,47,True,205,8
774,3,True,False,b'',"id: 584, experienced: False, age: 21","id: 1, title: Building geometry and metadata","Task: id: 1, title: Building geometry and metadata, date: 2017-05-08 09:24:19.463293+00:00",1,21,False,159,8
233,1,True,False,b'',"id: 234, experienced: True, age: 24","id: 1, title: Building geometry and metadata","Task: id: 1, title: Building geometry and metadata, date: 2017-05-03 07:46:14.648972+00:00",1,24,True,181,8
814,3,True,False,b'',"id: 596, experienced: True, age: 33","id: 1, title: Building geometry and metadata","Task: id: 1, title: Building geometry and metadata, date: 2017-05-08 22:05:51.272591+00:00",1,33,True,79,9
638,1,True,False,b'',"id: 513, experienced: False, age: 25","id: 1, title: Building geometry and metadata","Task: id: 1, title: Building geometry and metadata, date: 2017-05-05 12:54:24.011337+00:00",1,25,False,78,9
587,1,True,False,b'',"id: 477, experienced: False, age: 24","id: 1, title: Building geometry and metadata","Task: id: 1, title: Building geometry and metadata, date: 2017-05-05 10:33:49.604590+00:00",1,24,False,47,9
195,4,True,False,b'',"id: 220, experienced: False, age: 25","id: 1, title: Building geometry and metadata","Task: id: 1, title: Building geometry and metadata, date: 2017-05-02 09:57:52.816335+00:00",1,25,False,100,9
488,1,True,False,b'',"id: 431, experienced: False, age: 21","id: 1, title: Building geometry and metadata","Task: id: 1, title: Building geometry and metadata, date: 2017-05-04 12:59:38.405005+00:00",1,21,False,155,9
642,5,True,False,b'Unclear if shadow or roof on first question.',"id: 515, experienced: False, age: 20","id: 1, title: Building geometry and metadata","Task: id: 1, title: Building geometry and metadata, date: 2017-05-05 13:07:24.566048+00:00",1,20,False,153,9
732,3,True,False,b'',"id: 561, experienced: False, age: 21","id: 1, title: Building geometry and metadata","Task: id: 1, title: Building geometry and metadata, date: 2017-05-07 15:06:29.816532+00:00",1,21,False,126,9
504,2,True,False,b'',"id: 443, experienced: True, age: 56","id: 1, title: Building geometry and metadata","Task: id: 1, title: Building geometry and metadata, date: 2017-05-04 16:14:15.061652+00:00",1,56,True,190,9
397,1,True,False,b'',"id: 373, experienced: True, age: 36","id: 1, title: Building geometry and metadata","Task: id: 1, title: Building geometry and metadata, date: 2017-05-03 20:14:39.945478+00:00",1,36,True,134,9
649,1,True,False,b'',"id: 489, experienced: False, age: 24","id: 1, title: Building geometry and metadata","Task: id: 1, title: Building geometry and metadata, date: 2017-05-05 13:36:12.091835+00:00",1,24,False,137,9
653,2,True,False,b'',"id: 519, experienced: False, age: 23","id: 1, title: Building geometry and metadata","Task: id: 1, title: Building geometry and metadata, date: 2017-05-05 13:46:39.853775+00:00",1,23,False,241,9
567,1,True,False,b'',"id: 471, experienced: True, age: 42","id: 1, title: Building geometry and metadata","Task: id: 1, title: Building geometry and metadata, date: 2017-05-05 09:58:51.902544+00:00",1,42,True,107,9
346,1,True,False,b'',"id: 313, experienced: False, age: -25","id: 1, title: Building geometry and metadata","Task: id: 1, title: Building geometry and metadata, date: 2017-05-03 17:04:30.532611+00:00",1,-25,False,272,9
220,3,True,False,b'',"id: 227, experienced: False, age: 30","id: 1, title: Building geometry and metadata","Task: id: 1, title: Building geometry and metadata, date: 2017-05-02 13:45:14.736471+00:00",1,30,False,142,9
401,2,True,False,b'',"id: 380, experienced: True, age: 38","id: 1, title: Building geometry and metadata","Task: id: 1, title: Building geometry and metadata, date: 2017-05-03 20:32:01.159165+00:00",1,38,True,232,9
671,3,True,False,b'',"id: 534, experienced: True, age: 36","id: 1, title: Building geometry and metadata","Task: id: 1, title: Building geometry and metadata, date: 2017-05-05 18:02:08.657868+00:00",1,36,True,212,9
356,3,True,False,b'',"id: 337, experienced: False, age: 24","id: 1, title: Building geometry and metadata","Task: id: 1, title: Building geometry and metadata, date: 2017-05-03 17:39:40.574868+00:00",1,24,False,108,9
330,2,True,False,b'',"id: 295, experienced: False, age: 50","id: 1, title: Building geometry and metadata","Task: id: 1, title: Building geometry and metadata, date: 2017-05-03 15:13:34.562605+00:00",1,50,False,137,9
711,2,True,False,b'',"id: 553, experienced: False, age: 21","id: 1, title: Building geometry and metadata","Task: id: 1, title: Building geometry and metadata, date: 2017-05-06 15:42:57.012159+00:00",1,21,False,140,9
586,1,True,False,b'',"id: 472, experienced: True, age: 34","id: 1, title: Building geometry and metadata","Task: id: 1, title: Building geometry and metadata, date: 2017-05-05 10:33:40.973103+00:00",1,34,True,246,9
444,1,True,False,b'',"id: 413, experienced: False, age: 52","id: 1, title: Building geometry and metadata","Task: id: 1, title: Building geometry and metadata, date: 2017-05-04 09:04:07.439341+00:00",1,52,False,487,9
790,4,True,False,b'',"id: 590, experienced: False, age: 31","id: 1, title: Building geometry and metadata","Task: id: 1, title: Building geometry and metadata, date: 2017-05-08 11:06:54.918900+00:00",1,31,False,131,9
210,4,True,False,"b'Igjen; jeg har tatt veranda som del av bygning, men denne er ikke alltid med p\xe5 en av de to figurene...'","id: 224, experienced: False, age: 24","id: 1, title: Building geometry and metadata","Task: id: 1, title: Building geometry and metadata, date: 2017-05-02 10:52:36.710595+00:00",1,24,False,164,9
460,2,True,False,b'',"id: 421, experienced: False, age: 22","id: 1, title: Building geometry and metadata","Task: id: 1, title: Building geometry and metadata, date: 2017-05-04 10:13:53.435131+00:00",1,22,False,103,9
246,4,True,False,b'',"id: 236, experienced: True, age: 25","id: 1, title: Building geometry and metadata","Task: id: 1, title: Building geometry and metadata, date: 2017-05-03 08:09:20.505780+00:00",1,25,True,179,9
517,1,True,False,b'',"id: 450, experienced: True, age: 23","id: 1, title: Building geometry and metadata","Task: id: 1, title: Building geometry and metadata, date: 2017-05-05 04:34:25.298688+00:00",1,23,True,214,10
282,3,True,False,b'',"id: 261, experienced: False, age: 24","id: 1, title: Building geometry and metadata","Task: id: 1, title: Building geometry and metadata, date: 2017-05-03 11:29:25.866698+00:00",1,24,False,177,10
531,1,True,False,b'',"id: 454, experienced: True, age: 40","id: 1, title: Building geometry and metadata","Task: id: 1, title: Building geometry and metadata, date: 2017-05-05 06:48:22.965911+00:00",1,40,True,93,10
289,3,True,False,b'',"id: 264, experienced: False, age: 25","id: 1, title: Building geometry and metadata","Task: id: 1, title: Building geometry and metadata, date: 2017-05-03 11:39:01.366704+00:00",1,25,False,119,10
546,2,True,False,b'',"id: 462, experienced: True, age: 39","id: 1, title: Building geometry and metadata","Task: id: 1, title: Building geometry and metadata, date: 2017-05-05 07:44:49.156969+00:00",1,39,True,268,10
290,1,True,False,b'',"id: 265, experienced: True, age: 49","id: 1, title: Building geometry and metadata","Task: id: 1, title: Building geometry and metadata, date: 2017-05-03 11:39:25.941442+00:00",1,49,True,158,10
178,2,True,False,b'',"id: 208, experienced: True, age: 25","id: 1, title: Building geometry and metadata","Task: id: 1, title: Building geometry and metadata, date: 2017-05-02 09:13:21.493731+00:00",1,25,True,166,10
317,2,True,False,b'',"id: 283, experienced: True, age: 54","id: 1, title: Building geometry and metadata","Task: id: 1, title: Building geometry and metadata, date: 2017-05-03 14:05:25.302247+00:00",1,54,True,195,10
613,1,True,False,b'',"id: 493, experienced: False, age: 53","id: 1, title: Building geometry and metadata","Task: id: 1, title: Building geometry and metadata, date: 2017-05-05 11:00:43.929286+00:00",1,53,False,179,10
337,3,True,False,b'',"id: 303, experienced: False, age: 21","id: 1, title: Building geometry and metadata","Task: id: 1, title: Building geometry and metadata, date: 2017-05-03 15:48:02.736642+00:00",1,21,False,148,10
700,1,True,False,b'',"id: 548, experienced: True, age: 22","id: 1, title: Building geometry and metadata","Task: id: 1, title: Building geometry and metadata, date: 2017-05-06 10:19:04.700384+00:00",1,22,True,74,10
228,3,True,False,b'',"id: 230, experienced: True, age: 29","id: 1, title: Building geometry and metadata","Task: id: 1, title: Building geometry and metadata, date: 2017-05-03 07:21:04.123694+00:00",1,29,True,110,10
685,2,True,False,b'',"id: 538, experienced: True, age: 24","id: 1, title: Building geometry and metadata","Task: id: 1, title: Building geometry and metadata, date: 2017-05-05 20:15:44.238226+00:00",1,24,True,91,10
769,4,True,False,b'',"id: 579, experienced: False, age: 19","id: 1, title: Building geometry and metadata","Task: id: 1, title: Building geometry and metadata, date: 2017-05-08 08:45:06.175651+00:00",1,19,False,137,10
382,2,True,False,b'',"id: 359, experienced: True, age: 44","id: 1, title: Building geometry and metadata","Task: id: 1, title: Building geometry and metadata, date: 2017-05-03 19:09:33.969990+00:00",1,44,True,164,10
385,2,True,False,b'',"id: 358, experienced: True, age: 23","id: 1, title: Building geometry and metadata","Task: id: 1, title: Building geometry and metadata, date: 2017-05-03 19:19:36.121850+00:00",1,23,True,184,10
187,3,True,False,b'',"id: 210, experienced: False, age: 23","id: 1, title: Building geometry and metadata","Task: id: 1, title: Building geometry and metadata, date: 2017-05-02 09:44:45.120381+00:00",1,23,False,99,10
409,2,True,False,b'',"id: 308, experienced: True, age: 24","id: 1, title: Building geometry and metadata","Task: id: 1, title: Building geometry and metadata, date: 2017-05-03 21:10:23.597258+00:00",1,24,True,68,10
413,3,True,False,b'',"id: 374, experienced: True, age: 24","id: 1, title: Building geometry and metadata","Task: id: 1, title: Building geometry and metadata, date: 2017-05-03 21:15:13.494294+00:00",1,24,True,124,10
422,2,True,False,b'',"id: 399, experienced: False, age: 52","id: 1, title: Building geometry and metadata","Task: id: 1, title: Building geometry and metadata, date: 2017-05-03 22:24:04.188548+00:00",1,52,False,165,10
429,3,True,False,b'',"id: 406, experienced: True, age: 34","id: 1, title: Building geometry and metadata","Task: id: 1, title: Building geometry and metadata, date: 2017-05-04 06:57:21.824464+00:00",1,34,True,147,10
255,1,True,False,b'',"id: 245, experienced: True, age: 42","id: 1, title: Building geometry and metadata","Task: id: 1, title: Building geometry and metadata, date: 2017-05-03 09:16:54.589291+00:00",1,42,True,172,10
811,1,True,False,b'',"id: 594, experienced: True, age: 50","id: 1, title: Building geometry and metadata","Task: id: 1, title: Building geometry and metadata, date: 2017-05-08 19:54:19.149492+00:00",1,50,True,158,10
824,3,True,False,b'',"id: 598, experienced: True, age: 44","id: 1, title: Building geometry and metadata","Task: id: 1, title: Building geometry and metadata, date: 2017-05-09 08:24:53.189354+00:00",1,44,True,189,10
747,1,True,False,b'',"id: 566, experienced: False, age: 40","id: 1, title: Building geometry and metadata","Task: id: 1, title: Building geometry and metadata, date: 2017-05-08 05:13:09.403054+00:00",1,40,False,132,10
197,4,True,False,b'',"id: 219, experienced: False, age: 24","id: 1, title: Building geometry and metadata","Task: id: 1, title: Building geometry and metadata, date: 2017-05-02 10:00:45.991307+00:00",1,24,False,203,10
726,2,False,False,b'',"id: 559, experienced: False, age: 22","id: 1, title: Building geometry and metadata","Task: id: 1, title: Building geometry and metadata, date: 2017-05-07 11:43:08.927215+00:00",1,22,False,91,10
515,4,True,False,b'',"id: 448, experienced: True, age: 22","id: 1, title: Building geometry and metadata","Task: id: 1, title: Building geometry and metadata, date: 2017-05-04 21:52:51.797734+00:00",1,22,True,102,10
523,4,True,False,b'',"id: 452, experienced: True, age: 38","id: 1, title: Building geometry and metadata","Task: id: 1, title: Building geometry and metadata, date: 2017-05-05 06:33:35.491302+00:00",1,38,True,117,10
767,3,True,False,b'',"id: 578, experienced: False, age: 19","id: 1, title: Building geometry and metadata","Task: id: 1, title: Building geometry and metadata, date: 2017-05-08 08:39:42.082316+00:00",1,19,False,358,11
212,1,True,False,b'',"id: 226, experienced: False, age: 24","id: 1, title: Building geometry and metadata","Task: id: 1, title: Building geometry and metadata, date: 2017-05-02 11:19:54.909790+00:00",1,24,False,92,11
216,2,True,False,b'',"id: 209, experienced: False, age: 24","id: 1, title: Building geometry and metadata","Task: id: 1, title: Building geometry and metadata, date: 2017-05-02 11:50:02.201744+00:00",1,24,False,179,11
188,1,True,False,b'',"id: 215, experienced: False, age: 25","id: 1, title: Building geometry and metadata","Task: id: 1, title: Building geometry and metadata, date: 2017-05-02 09:46:20.744829+00:00",1,25,False,152,11
262,2,True,False,b'',"id: 248, experienced: False, age: 24","id: 1, title: Building geometry and metadata","Task: id: 1, title: Building geometry and metadata, date: 2017-05-03 09:58:44.995943+00:00",1,24,False,106,11
266,2,True,False,b'',"id: 250, experienced: True, age: 23","id: 1, title: Building geometry and metadata","Task: id: 1, title: Building geometry and metadata, date: 2017-05-03 10:18:33.379381+00:00",1,23,True,106,11
271,2,True,False,"b'Didn\'t find attributes ""validation date"" or ""registered: yes/no"" particularly useful. Or the field with ""uknown"" or spelling errors'","id: 249, experienced: True, age: 23","id: 1, title: Building geometry and metadata","Task: id: 1, title: Building geometry and metadata, date: 2017-05-03 10:38:41.578303+00:00",1,23,True,139,11
279,2,True,False,b'',"id: 263, experienced: False, age: 24","id: 1, title: Building geometry and metadata","Task: id: 1, title: Building geometry and metadata, date: 2017-05-03 11:22:27.876523+00:00",1,24,False,302,11
298,1,True,False,b'',"id: 273, experienced: True, age: 31","id: 1, title: Building geometry and metadata","Task: id: 1, title: Building geometry and metadata, date: 2017-05-03 12:37:45.100272+00:00",1,31,True,87,11
314,1,True,False,b'',"id: 284, experienced: True, age: 45","id: 1, title: Building geometry and metadata","Task: id: 1, title: Building geometry and metadata, date: 2017-05-03 14:00:08.935767+00:00",1,45,True,124,11
332,1,True,False,b'',"id: 298, experienced: True, age: 31","id: 1, title: Building geometry and metadata","Task: id: 1, title: Building geometry and metadata, date: 2017-05-03 15:14:29.242774+00:00",1,31,True,145,11
355,3,True,False,b'',"id: 333, experienced: True, age: 27","id: 1, title: Building geometry and metadata","Task: id: 1, title: Building geometry and metadata, date: 2017-05-03 17:38:23.118808+00:00",1,27,True,182,11
374,1,True,False,b'',"id: 351, experienced: True, age: 40","id: 1, title: Building geometry and metadata","Task: id: 1, title: Building geometry and metadata, date: 2017-05-03 18:47:58.906560+00:00",1,40,True,168,11
377,4,True,False,b'',"id: 355, experienced: True, age: 29","id: 1, title: Building geometry and metadata","Task: id: 1, title: Building geometry and metadata, date: 2017-05-03 18:56:11.983939+00:00",1,29,True,163,11
390,1,True,False,b'',"id: 368, experienced: True, age: 26","id: 1, title: Building geometry and metadata","Task: id: 1, title: Building geometry and metadata, date: 2017-05-03 19:49:19.745620+00:00",1,26,True,136,11
425,3,True,False,b'',"id: 402, experienced: True, age: 39","id: 1, title: Building geometry and metadata","Task: id: 1, title: Building geometry and metadata, date: 2017-05-04 05:27:48.933633+00:00",1,39,True,133,11
435,2,True,False,b'',"id: 408, experienced: True, age: 37","id: 1, title: Building geometry and metadata","Task: id: 1, title: Building geometry and metadata, date: 2017-05-04 07:21:05.099894+00:00",1,37,True,134,11
440,2,True,False,b'',"id: 409, experienced: False, age: 34","id: 1, title: Building geometry and metadata","Task: id: 1, title: Building geometry and metadata, date: 2017-05-04 07:45:48.595265+00:00",1,34,False,207,11
452,1,True,False,b'',"id: 417, experienced: True, age: 30","id: 1, title: Building geometry and metadata","Task: id: 1, title: Building geometry and metadata, date: 2017-05-04 09:28:19.780880+00:00",1,30,True,221,11
464,3,True,False,b'',"id: 418, experienced: False, age: 32","id: 1, title: Building geometry and metadata","Task: id: 1, title: Building geometry and metadata, date: 2017-05-04 11:26:28.427262+00:00",1,32,False,147,11
486,3,True,False,b'Sometimes hard to determine whether to add terraces or not.',"id: 430, experienced: False, age: 20","id: 1, title: Building geometry and metadata","Task: id: 1, title: Building geometry and metadata, date: 2017-05-04 12:55:14.913096+00:00",1,20,False,154,11
495,4,True,False,b'',"id: 441, experienced: True, age: 22","id: 1, title: Building geometry and metadata","Task: id: 1, title: Building geometry and metadata, date: 2017-05-04 15:27:24.165405+00:00",1,22,True,203,11
528,1,True,False,b'',"id: 451, experienced: True, age: 43","id: 1, title: Building geometry and metadata","Task: id: 1, title: Building geometry and metadata, date: 2017-05-05 06:42:17.976154+00:00",1,43,True,185,11
535,1,True,False,b'',"id: 453, experienced: True, age: 51","id: 1, title: Building geometry and metadata","Task: id: 1, title: Building geometry and metadata, date: 2017-05-05 07:21:12.513563+00:00",1,51,True,162,11
550,1,True,False,b'',"id: 460, experienced: True, age: 36","id: 1, title: Building geometry and metadata","Task: id: 1, title: Building geometry and metadata, date: 2017-05-05 07:48:57.731096+00:00",1,36,True,188,11
558,2,True,False,b'',"id: 468, experienced: False, age: 21","id: 1, title: Building geometry and metadata","Task: id: 1, title: Building geometry and metadata, date: 2017-05-05 08:15:32.761023+00:00",1,21,False,221,11
563,2,True,False,b'',"id: 466, experienced: True, age: 52","id: 1, title: Building geometry and metadata","Task: id: 1, title: Building geometry and metadata, date: 2017-05-05 08:42:18.208324+00:00",1,52,True,282,11
572,2,True,False,b'',"id: 473, experienced: True, age: 24","id: 1, title: Building geometry and metadata","Task: id: 1, title: Building geometry and metadata, date: 2017-05-05 10:13:04.600167+00:00",1,24,True,140,11
594,2,True,False,b'',"id: 482, experienced: False, age: 24","id: 1, title: Building geometry and metadata","Task: id: 1, title: Building geometry and metadata, date: 2017-05-05 10:47:59.151082+00:00",1,24,False,188,11
602,4,True,False,b'',"id: 484, experienced: False, age: 24","id: 1, title: Building geometry and metadata","Task: id: 1, title: Building geometry and metadata, date: 2017-05-05 10:54:06.837859+00:00",1,24,False,167,11
609,2,True,False,b'',"id: 478, experienced: True, age: 54","id: 1, title: Building geometry and metadata","Task: id: 1, title: Building geometry and metadata, date: 2017-05-05 10:57:17.179594+00:00",1,54,True,295,11
634,3,True,False,b'',"id: 508, experienced: False, age: 58","id: 1, title: Building geometry and metadata","Task: id: 1, title: Building geometry and metadata, date: 2017-05-05 12:29:02.971003+00:00",1,58,False,169,11
647,1,True,False,b'',"id: 516, experienced: False, age: 45","id: 1, title: Building geometry and metadata","Task: id: 1, title: Building geometry and metadata, date: 2017-05-05 13:18:58.198327+00:00",1,45,False,77,11
661,4,True,False,b'',"id: 523, experienced: False, age: 25","id: 1, title: Building geometry and metadata","Task: id: 1, title: Building geometry and metadata, date: 2017-05-05 14:07:28.994090+00:00",1,25,False,228,11
664,1,True,False,b'',"id: 531, experienced: False, age: 22","id: 1, title: Building geometry and metadata","Task: id: 1, title: Building geometry and metadata, date: 2017-05-05 15:27:37.437047+00:00",1,22,False,147,11
677,1,True,False,b'',"id: 536, experienced: False, age: 22","id: 1, title: Building geometry and metadata","Task: id: 1, title: Building geometry and metadata, date: 2017-05-05 19:23:07.092753+00:00",1,22,False,98,11
680,1,True,False,b'',"id: 537, experienced: True, age: 33","id: 1, title: Building geometry and metadata","Task: id: 1, title: Building geometry and metadata, date: 2017-05-05 19:56:04.497199+00:00",1,33,True,186,11
691,2,True,False,b'',"id: 543, experienced: False, age: 21","id: 1, title: Building geometry and metadata","Task: id: 1, title: Building geometry and metadata, date: 2017-05-06 08:11:22.799684+00:00",1,21,False,127,11
695,2,True,False,b'',"id: 547, experienced: True, age: 24","id: 1, title: Building geometry and metadata","Task: id: 1, title: Building geometry and metadata, date: 2017-05-06 10:03:39.800808+00:00",1,24,True,131,11
730,3,True,False,b'',"id: 560, experienced: True, age: 22","id: 1, title: Building geometry and metadata","Task: id: 1, title: Building geometry and metadata, date: 2017-05-07 14:24:14.301646+00:00",1,22,True,234,11
736,2,True,False,b'',"id: 562, experienced: True, age: 24","id: 1, title: Building geometry and metadata","Task: id: 1, title: Building geometry and metadata, date: 2017-05-07 15:16:22.813112+00:00",1,24,True,292,11
759,2,True,False,b'',"id: 572, experienced: False, age: 22","id: 1, title: Building geometry and metadata","Task: id: 1, title: Building geometry and metadata, date: 2017-05-08 06:30:03.292603+00:00",1,22,False,151,11
764,2,True,False,b'',"id: 573, experienced: True, age: 30","id: 1, title: Building geometry and metadata","Task: id: 1, title: Building geometry and metadata, date: 2017-05-08 06:49:46.664268+00:00",1,30,True,103,11
784,3,True,False,b'',"id: 588, experienced: False, age: 25","id: 1, title: Building geometry and metadata","Task: id: 1, title: Building geometry and metadata, date: 2017-05-08 10:26:39.747010+00:00",1,25,False,146,11
788,1,True,False,b'',"id: 589, experienced: True, age: 52","id: 1, title: Building geometry and metadata","Task: id: 1, title: Building geometry and metadata, date: 2017-05-08 10:33:16.535606+00:00",1,52,True,130,11
794,3,True,False,b'',"id: 575, experienced: False, age: 21","id: 1, title: Building geometry and metadata","Task: id: 1, title: Building geometry and metadata, date: 2017-05-08 11:48:56.924159+00:00",1,21,False,110,11
799,1,True,False,b'',"id: 591, experienced: False, age: 40","id: 1, title: Building geometry and metadata","Task: id: 1, title: Building geometry and metadata, date: 2017-05-08 13:04:25.733854+00:00",1,40,False,149,11
808,3,True,False,b'',"id: 593, experienced: False, age: 21","id: 1, title: Building geometry and metadata","Task: id: 1, title: Building geometry and metadata, date: 2017-05-08 16:49:13.160827+00:00",1,21,False,183,11
836,2,True,False,b'',"id: 603, experienced: True, age: 43","id: 1, title: Building geometry and metadata","Task: id: 1, title: Building geometry and metadata, date: 2017-05-10 06:31:11.832693+00:00",1,43,True,164,11
838,1,True,False,b'',"id: 604, experienced: False, age: 44","id: 1, title: Building geometry and metadata","Task: id: 1, title: Building geometry and metadata, date: 2017-05-10 07:47:27.249186+00:00",1,44,False,170,12
475,1,True,False,b'',"id: 427, experienced: True, age: 22","id: 1, title: Building geometry and metadata","Task: id: 1, title: Building geometry and metadata, date: 2017-05-04 11:57:38.095968+00:00",1,22,True,200,12
436,3,False,False,b'',"id: 407, experienced: False, age: 26","id: 1, title: Building geometry and metadata","Task: id: 1, title: Building geometry and metadata, date: 2017-05-04 07:23:04.805480+00:00",1,26,False,115,12
417,3,True,False,"b'Funny, I am the one who drew most of these buildings in OSM...'","id: 391, experienced: True, age: 44","id: 1, title: Building geometry and metadata","Task: id: 1, title: Building geometry and metadata, date: 2017-05-03 21:46:47.186550+00:00",1,44,True,537,12
256,3,True,False,b'',"id: 244, experienced: False, age: 27","id: 1, title: Building geometry and metadata","Task: id: 1, title: Building geometry and metadata, date: 2017-05-03 09:20:06.171490+00:00",1,27,False,225,12
209,2,True,False,b'',"id: 225, experienced: True, age: 25","id: 1, title: Building geometry and metadata","Task: id: 1, title: Building geometry and metadata, date: 2017-05-02 10:51:34.949623+00:00",1,25,True,79,12
393,1,True,False,b'',"id: 366, experienced: False, age: 29","id: 1, title: Building geometry and metadata","Task: id: 1, title: Building geometry and metadata, date: 2017-05-03 19:51:48.074059+00:00",1,29,False,104,12
370,1,True,False,b'',"id: 350, experienced: True, age: 34","id: 1, title: Building geometry and metadata","Task: id: 1, title: Building geometry and metadata, date: 2017-05-03 18:38:23.543983+00:00",1,34,True,57,12
362,2,True,False,b'',"id: 340, experienced: True, age: 40","id: 1, title: Building geometry and metadata","Task: id: 1, title: Building geometry and metadata, date: 2017-05-03 17:54:42.234377+00:00",1,40,True,194,12
342,2,False,False,b'',"id: 306, experienced: True, age: 46","id: 1, title: Building geometry and metadata","Task: id: 1, title: Building geometry and metadata, date: 2017-05-03 16:15:45.786793+00:00",1,46,True,236,12
200,1,True,False,b'',"id: 221, experienced: True, age: 23","id: 1, title: Building geometry and metadata","Task: id: 1, title: Building geometry and metadata, date: 2017-05-02 10:26:43.697271+00:00",1,23,True,108,12
826,3,True,False,b'',"id: 601, experienced: False, age: 19","id: 1, title: Building geometry and metadata","Task: id: 1, title: Building geometry and metadata, date: 2017-05-09 13:48:46.827907+00:00",1,19,False,210,12
329,2,True,False,b'',"id: 296, experienced: True, age: 43","id: 1, title: Building geometry and metadata","Task: id: 1, title: Building geometry and metadata, date: 2017-05-03 15:12:45.750397+00:00",1,43,True,99,12
668,2,True,False,b'Some values had arbitrary capital letters.',"id: 532, experienced: False, age: 24","id: 1, title: Building geometry and metadata","Task: id: 1, title: Building geometry and metadata, date: 2017-05-05 16:30:18.898904+00:00",1,24,False,171,12
831,2,True,False,b'',"id: 602, experienced: False, age: 26","id: 1, title: Building geometry and metadata","Task: id: 1, title: Building geometry and metadata, date: 2017-05-09 14:12:39.869707+00:00",1,26,False,163,12
845,4,True,False,b'',"id: 611, experienced: True, age: 44","id: 1, title: Building geometry and metadata","Task: id: 1, title: Building geometry and metadata, date: 2017-05-10 13:16:13.151230+00:00",1,44,True,232,12
658,2,True,False,b'',"id: 521, experienced: False, age: 21","id: 1, title: Building geometry and metadata","Task: id: 1, title: Building geometry and metadata, date: 2017-05-05 13:59:49.092932+00:00",1,21,False,119,12
704,2,True,False,b'',"id: 549, experienced: True, age: 23","id: 1, title: Building geometry and metadata","Task: id: 1, title: Building geometry and metadata, date: 2017-05-06 11:07:08.551978+00:00",1,23,True,120,12
708,1,True,False,b'',"id: 551, experienced: False, age: 20","id: 1, title: Building geometry and metadata","Task: id: 1, title: Building geometry and metadata, date: 2017-05-06 13:32:59.957113+00:00",1,20,False,253,12
622,1,True,False,b'',"id: 490, experienced: False, age: 50","id: 1, title: Building geometry and metadata","Task: id: 1, title: Building geometry and metadata, date: 2017-05-05 11:07:26.837882+00:00",1,50,False,133,12
619,2,True,False,b'',"id: 491, experienced: False, age: 26","id: 1, title: Building geometry and metadata","Task: id: 1, title: Building geometry and metadata, date: 2017-05-05 11:04:39.435014+00:00",1,26,False,163,12
554,1,True,False,b'',"id: 465, experienced: True, age: 44","id: 1, title: Building geometry and metadata","Task: id: 1, title: Building geometry and metadata, date: 2017-05-05 08:09:46.038820+00:00",1,44,True,129,12
509,3,True,False,b'',"id: 447, experienced: True, age: 23","id: 1, title: Building geometry and metadata","Task: id: 1, title: Building geometry and metadata, date: 2017-05-04 20:14:05.487731+00:00",1,23,True,137,12
804,1,True,False,b'',"id: 592, experienced: True, age: 25","id: 1, title: Building geometry and metadata","Task: id: 1, title: Building geometry and metadata, date: 2017-05-08 14:20:03.736344+00:00",1,25,True,101,12
499,3,True,False,b'',"id: 442, experienced: False, age: 24","id: 1, title: Building geometry and metadata","Task: id: 1, title: Building geometry and metadata, date: 2017-05-04 15:53:12.862272+00:00",1,24,False,201,12
